title,score,members,favorites,episodes,status,genres,season,year
Jujutsu Kaisen,8.51,2983273,95527,24,Finished Airing,"['Action', 'Award Winning', 'Supernatural']",fall,2020
Kimetsu no Yaiba Movie: Mugen Ressha-hen,8.54,1756871,13487,1,Finished Airing,"['Action', 'Supernatural']",fall,2020
Haikyuu!! To the Top Part 2,8.56,918587,6479,12,Finished Airing,['Sports'],fall,2020
Tonikaku Kawaii,7.84,829699,10466,12,Finished Airing,"['Comedy', 'Romance']",fall,2020
Dungeon ni Deai wo Motomeru no wa Machigatteiru Darou ka III,7.46,674005,1966,12,Finished Airing,"['Action', 'Adventure', 'Fantasy']",fall,2020
Josee to Tora to Sakana-tachi,8.38,521054,7120,1,Finished Airing,"['Drama', 'Romance']",fall,2020
Yuukoku no Moriarty,8.17,502486,8300,11,Finished Airing,"['Mystery', 'Suspense']",fall,2020
Akudama Drive,7.56,486641,4036,12,Finished Airing,"['Action', 'Sci-Fi', 'Suspense']",fall,2020
Majo no Tabitabi,7.56,453534,4385,12,Finished Airing,"['Adventure', 'Fantasy']",fall,2020
Mahouka Koukou no Rettousei: Raihousha-hen,7.26,393129,1251,13,Finished Airing,"['Action', 'Fantasy', 'Romance', 'Sci-Fi']",fall,2020
Munou na Nana,7.16,374896,1737,13,Finished Airing,['Suspense'],fall,2020
"Kimi to Boku no Saigo no Senjou, Aruiwa Sekai ga Hajimaru Seisen",6.71,347890,1476,12,Finished Airing,"['Action', 'Fantasy', 'Romance']",fall,2020
100-man no Inochi no Ue ni Ore wa Tatteiru,6.52,330870,712,12,Finished Airing,"['Action', 'Adventure', 'Drama', 'Fantasy']",fall,2020
Noblesse,6.9,325530,1291,13,Finished Airing,"['Action', 'Supernatural']",fall,2020
Higurashi no Naku Koro ni Gou,7.21,301406,1646,24,Finished Airing,"['Horror', 'Mystery', 'Suspense']",fall,2020
Kamisama ni Natta Hi,6.8,283092,1632,12,Finished Airing,['Drama'],fall,2020
Burn the Witch,7.14,281261,746,3,Finished Airing,"['Action', 'Fantasy']",fall,2020
Kami-tachi ni Hirowareta Otoko,6.96,251066,1175,12,Finished Airing,"['Fantasy', 'Slice of Life']",fall,2020
Maoujou de Oyasumi,7.95,246186,2548,12,Finished Airing,"['Comedy', 'Fantasy']",fall,2020
Adachi to Shimamura,7.08,210088,1648,12,Finished Airing,['Girls Love'],fall,2020
Golden Kamuy 3rd Season,8.43,197662,1621,12,Finished Airing,"['Action', 'Adventure']",fall,2020
Kuma Kuma Kuma Bear,7.23,186305,1052,12,Finished Airing,"['Adventure', 'Comedy', 'Fantasy']",fall,2020
Tian Guan Cifu,8.42,174991,6150,11,Finished Airing,"['Action', 'Adventure', 'Drama', 'Fantasy']",fall,2020
Hanyou no Yashahime: Sengoku Otogizoushi,6.69,132030,656,24,Finished Airing,"['Action', 'Adventure', 'Fantasy']",fall,2020
Ikebukuro West Gate Park,6.87,127991,372,12,Finished Airing,"['Drama', 'Mystery']",fall,2020
Jujutsu Kaisen 0 Movie,8.37,1228946,11100,1,Finished Airing,"['Action', 'Supernatural']",fall,2021
Mushoku Tensei: Isekai Ittara Honki Dasu Part 2,8.61,1103606,19195,12,Finished Airing,"['Adventure', 'Drama', 'Fantasy', 'Ecchi']",fall,2021
"Komi-san wa, Comyushou desu.",7.79,1001249,12286,12,Finished Airing,['Comedy'],fall,2021
Kimetsu no Yaiba: Mugen Ressha-hen,8.34,960207,4652,7,Finished Airing,"['Action', 'Supernatural']",fall,2021
Ousama Ranking,8.48,747821,13752,23,Finished Airing,"['Adventure', 'Fantasy']",fall,2021
86 Part 2,8.72,629902,18302,12,Finished Airing,"['Drama', 'Sci-Fi']",fall,2021
"Sekai Saikou no Ansatsusha, Isekai Kizoku ni Tensei suru",7.31,627677,4436,12,Finished Airing,"['Action', 'Drama', 'Fantasy', 'Mystery', 'Romance']",fall,2021
JoJo no Kimyou na Bouken Part 6: Stone Ocean,8.06,598966,7393,12,Finished Airing,"['Action', 'Adventure']",fall,2021
Takt Op. Destiny,7.16,566993,4839,12,Finished Airing,"['Action', 'Fantasy', 'Sci-Fi']",fall,2021
Mieruko-chan,7.38,552129,3417,12,Finished Airing,"['Comedy', 'Horror']",fall,2021
Blue Period,7.79,524590,6796,12,Finished Airing,['Drama'],fall,2021
Platinum End,6.02,416855,2561,24,Finished Airing,"['Drama', 'Supernatural', 'Suspense']",fall,2021
"Shin no Nakama ja Nai to Yuusha no Party wo Oidasareta node, Henkyou de Slow Life suru Koto ni Shimashita",6.91,385109,2110,13,Finished Airing,"['Fantasy', 'Romance']",fall,2021
Senpai ga Uzai Kouhai no Hanashi,7.53,375107,1748,12,Finished Airing,"['Comedy', 'Romance']",fall,2021
Saihate no Paladin,6.88,351206,1500,12,Finished Airing,"['Action', 'Adventure', 'Fantasy']",fall,2021
Sword Art Online: Progressive Movie - Hoshi Naki Yoru no Aria,7.94,284320,2159,1,Finished Airing,"['Action', 'Adventure', 'Fantasy']",fall,2021
Shinka no Mi: Shiranai Uchi ni Kachigumi Jinsei,6.16,238725,1005,12,Finished Airing,"['Adventure', 'Fantasy', 'Romance']",fall,2021
Kaizoku Oujo,7.08,225928,1290,12,Finished Airing,"['Action', 'Adventure', 'Fantasy']",fall,2021
Xian Wang de Richang Shenghuo 2,7.37,185463,674,12,Finished Airing,"['Adventure', 'Comedy', 'Fantasy']",fall,2021
Gokushufudou Part 2,7.54,181770,373,5,Finished Airing,['Comedy'],fall,2021
Tsuki to Laika to Nosferatu,7.33,174771,810,12,Finished Airing,['Fantasy'],fall,2021
Taishou Otome Otogibanashi,7.78,170453,1242,12,Finished Airing,"['Comedy', 'Drama', 'Romance']",fall,2021
Summer Ghost,7.91,148202,1248,1,Finished Airing,"['Drama', 'Supernatural']",fall,2021
World Trigger 3rd Season,8.24,139340,1290,14,Finished Airing,"['Action', 'Sci-Fi']",fall,2021
Ai no Utagoe wo Kikasete,7.66,122616,757,1,Finished Airing,"['Drama', 'Sci-Fi']",fall,2021
Chainsaw Man,8.43,1922428,55090,12,Finished Airing,"['Action', 'Fantasy']",fall,2022
Spy x Family Part 2,8.2,1116693,7661,13,Finished Airing,"['Action', 'Comedy']",fall,2022
Blue Lock,8.12,878886,14429,24,Finished Airing,['Sports'],fall,2022
Kage no Jitsuryokusha ni Naritakute!,8.22,846635,18025,20,Finished Airing,"['Action', 'Comedy', 'Fantasy']",fall,2022
Mob Psycho 100 III,8.71,845153,12477,12,Finished Airing,"['Action', 'Comedy', 'Supernatural']",fall,2022
Boku no Hero Academia 6th Season,8.22,806112,7354,25,Finished Airing,['Action'],fall,2022
Bocchi the Rock!,8.73,773247,36129,12,Finished Airing,['Comedy'],fall,2022
Bleach: Sennen Kessen-hen,8.98,690298,23064,13,Finished Airing,"['Action', 'Adventure', 'Supernatural']",fall,2022
Suzume no Tojimari,8.24,492649,5425,1,Finished Airing,"['Adventure', 'Supernatural']",fall,2022
"Fuufu Ijou, Koibito Miman.",7.59,419289,4862,12,Finished Airing,['Romance'],fall,2022
Kaguya-sama wa Kokurasetai: First Kiss wa Owaranai,8.72,371526,2320,1,Finished Airing,"['Comedy', 'Drama', 'Romance']",fall,2022
Fumetsu no Anata e Season 2,8.11,334758,1756,20,Finished Airing,"['Adventure', 'Drama', 'Supernatural']",fall,2022
Tensei shitara Ken deshita,7.49,332801,1892,12,Finished Airing,"['Action', 'Adventure', 'Fantasy']",fall,2022
JoJo no Kimyou na Bouken Part 6: Stone Ocean Part 3,8.51,290313,3499,14,Finished Airing,"['Action', 'Adventure']",fall,2022
Romantic Killer,7.91,287326,3308,12,Finished Airing,"['Comedy', 'Romance', 'Supernatural']",fall,2022
Uzaki-chan wa Asobitai! Double,7.24,249562,945,13,Finished Airing,"['Comedy', 'Romance']",fall,2022
Tensei shitara Slime Datta Ken Movie: Guren no Kizuna-hen,7.62,243981,1358,1,Finished Airing,"['Action', 'Comedy', 'Fantasy']",fall,2022
Mairimashita! Iruma-kun 3rd Season,7.83,243828,1334,21,Finished Airing,"['Comedy', 'Fantasy']",fall,2022
"Yuusha Party wo Tsuihou sareta Beast Tamer, Saikyoushu no Nekomimi Shoujo to Deau",6.9,240027,1151,13,Finished Airing,"['Action', 'Adventure', 'Fantasy']",fall,2022
Akuyaku Reijou nanode Last Boss wo Kattemimashita,7.19,216355,1198,12,Finished Airing,"['Comedy', 'Fantasy', 'Romance']",fall,2022
Urusei Yatsura (2022),7.4,202290,1251,23,Finished Airing,"['Comedy', 'Romance', 'Sci-Fi']",fall,2022
Akiba Meido Sensou,7.58,191247,1291,12,Finished Airing,"['Action', 'Comedy']",fall,2022
Shinobi no Ittoki,6.06,188251,708,12,Finished Airing,['Action'],fall,2022
Kidou Senshi Gundam: Suisei no Majo,7.84,184632,1863,12,Finished Airing,['Sci-Fi'],fall,2022
Renai Flops,6.69,177798,864,12,Finished Airing,"['Comedy', 'Romance', 'Sci-Fi', 'Ecchi']",fall,2022
Sousou no Frieren,9.28,1354878,86012,28,Finished Airing,"['Adventure', 'Drama', 'Fantasy']",fall,2023
Kusuriya no Hitorigoto,8.85,805604,27072,24,Finished Airing,"['Drama', 'Mystery']",fall,2023
Spy x Family Season 2,8.06,663555,3779,12,Finished Airing,"['Action', 'Comedy']",fall,2023
Kage no Jitsuryokusha ni Naritakute! 2nd Season,8.26,520753,5192,12,Finished Airing,"['Action', 'Comedy', 'Fantasy']",fall,2023
Tate no Yuusha no Nariagari Season 3,7.08,516136,6141,12,Finished Airing,"['Action', 'Adventure', 'Drama', 'Fantasy']",fall,2023
"Shangri-La Frontier: Kusoge Hunter, Kamige ni Idoman to su",8.1,447949,3927,25,Finished Airing,"['Action', 'Adventure', 'Fantasy']",fall,2023
Dr. Stone: New World Part 2,8.3,416978,1626,11,Finished Airing,"['Adventure', 'Comedy']",fall,2023
Goblin Slayer II,7.2,407898,3185,12,Finished Airing,"['Action', 'Adventure', 'Fantasy']",fall,2023
Undead Unluck,7.74,342112,1919,24,Finished Airing,"['Action', 'Comedy']",fall,2023
Kimi no Koto ga Daidaidaidaidaisuki na 100-nin no Kanojo,7.68,321015,3071,12,Finished Airing,"['Comedy', 'Romance']",fall,2023
Ragna Crimson,7.55,276092,1601,24,Finished Airing,"['Action', 'Fantasy']",fall,2023
Tokyo Revengers: Tenjiku-hen,7.81,267341,1610,13,Finished Airing,"['Action', 'Drama']",fall,2023
Boushoku no Berserk,6.72,252268,1028,12,Finished Airing,"['Action', 'Adventure', 'Fantasy']",fall,2023
Pluto,8.44,244984,3300,8,Finished Airing,"['Action', 'Mystery', 'Sci-Fi', 'Suspense']",fall,2023
Spy x Family Movie: Code: White,8.1,242816,715,1,Finished Airing,"['Action', 'Comedy']",fall,2023
"Keikenzumi na Kimi to, Keiken Zero na Ore ga, Otsukiai suru Hanashi.",6.75,226827,1639,12,Finished Airing,['Romance'],fall,2023
Hametsu no Oukoku,6.22,226602,1003,12,Finished Airing,"['Action', 'Drama', 'Fantasy', 'Sci-Fi']",fall,2023
Seishun Buta Yarou wa Randoseru Girl no Yume wo Minai,8.28,177601,667,1,Finished Airing,"['Drama', 'Romance', 'Supernatural']",fall,2023
Seiken Gakuin no Makentsukai,6.2,175390,868,12,Finished Airing,"['Action', 'Fantasy']",fall,2023
Kikansha no Mahou wa Tokubetsu desu,7.05,172521,496,12,Finished Airing,"['Action', 'Fantasy']",fall,2023
Kamonohashi Ron no Kindan Suiri,7.51,163523,1049,13,Finished Airing,"['Comedy', 'Mystery']",fall,2023
Watashi no Oshi wa Akuyaku Reijou.,7.36,149753,1415,12,Finished Airing,"['Comedy', 'Fantasy', 'Girls Love']",fall,2023
Saihate no Paladin: Tetsusabi no Yama no Ou,7.43,143802,385,12,Finished Airing,"['Action', 'Adventure', 'Fantasy']",fall,2023
Dead Mount Death Play Part 2,7.44,143327,376,12,Finished Airing,"['Action', 'Fantasy']",fall,2023
"Konyaku Haki sareta Reijou wo Hirotta Ore ga, Ikenai Koto wo Oshiekomu",7.14,136435,548,12,Finished Airing,"['Comedy', 'Fantasy', 'Romance']",fall,2023
Dandadan,8.43,935677,15325,12,Finished Airing,"['Action', 'Comedy', 'Supernatural']",fall,2024
Re:Zero kara Hajimeru Isekai Seikatsu 3rd Season,8.43,480745,6431,16,Finished Airing,"['Drama', 'Fantasy', 'Suspense']",fall,2024
Blue Lock vs. U-20 Japan,7.51,326692,2303,14,Finished Airing,['Sports'],fall,2024
Ao no Hako,8.16,317793,4287,25,Finished Airing,"['Romance', 'Sports']",fall,2024
Bleach: Sennen Kessen-hen - Soukoku-tan,8.67,284550,3643,14,Finished Airing,"['Action', 'Adventure', 'Supernatural']",fall,2024
Chi. Chikyuu no Undou ni Tsuite,8.71,279474,7046,25,Finished Airing,['Drama'],fall,2024
"Shangri-La Frontier: Kusoge Hunter, Kamige ni Idoman to su 2nd Season",8.26,253578,1532,25,Finished Airing,"['Action', 'Adventure', 'Fantasy']",fall,2024
Uzumaki,5.67,242371,1240,4,Finished Airing,"['Avant Garde', 'Drama', 'Horror', 'Suspense']",fall,2024
Dungeon ni Deai wo Motomeru no wa Machigatteiru Darou ka V: Houjou no Megami-hen,7.89,212367,1175,15,Finished Airing,"['Action', 'Adventure', 'Fantasy']",fall,2024
Arifureta Shokugyou de Sekai Saikyou Season 3,7.02,197506,1099,16,Finished Airing,"['Action', 'Adventure', 'Fantasy']",fall,2024
Seirei Gensouki 2,6.87,195605,1283,12,Finished Airing,"['Action', 'Adventure', 'Fantasy', 'Romance']",fall,2024
Ranma ½ (2024),7.98,164027,1245,12,Finished Airing,"['Action', 'Comedy', 'Romance', 'Ecchi']",fall,2024
Nageki no Bourei wa Intai shitai,7.06,161507,542,13,Finished Airing,"['Action', 'Adventure', 'Fantasy']",fall,2024
Raise wa Tanin ga Ii,7.18,150508,790,12,Finished Airing,['Romance'],fall,2024
One Piece Fan Letter,9.02,146654,2543,1,Finished Airing,"['Action', 'Adventure', 'Fantasy']",fall,2024
"Saikyou no Shienshoku ""Wajutsushi"" de Aru Ore wa Sekai Saikyou Clan wo Shitagaeru",7.58,145667,687,12,Finished Airing,"['Action', 'Adventure', 'Fantasy']",fall,2024
Hitoribocchi no Isekai Kouryaku,6.56,145068,531,12,Finished Airing,"['Action', 'Adventure', 'Fantasy']",fall,2024
Kimi wa Meido-sama.,7.06,137308,485,12,Finished Airing,"['Comedy', 'Romance']",fall,2024
Kami no Tou: Koubou-sen,6.88,136353,278,13,Finished Airing,"['Action', 'Adventure', 'Drama', 'Fantasy', 'Mystery']",fall,2024
Maou 2099,7.41,135935,406,12,Finished Airing,"['Action', 'Fantasy', 'Sci-Fi']",fall,2024
Dragon Ball Daima,7.57,134064,926,20,Finished Airing,"['Action', 'Adventure', 'Comedy', 'Fantasy']",fall,2024
Rekishi ni Nokoru Akujo ni Naru zo,7.34,131982,698,13,Finished Airing,"['Comedy', 'Fantasy', 'Romance']",fall,2024
"Tensei Kizoku, Kantei Skill de Nariagaru 2nd Season",7.44,123466,321,12,Finished Airing,"['Adventure', 'Fantasy']",fall,2024
"Kekkon suru tte, Hontou desu ka",7.12,120298,364,12,Finished Airing,['Romance'],fall,2024
Sword Art Online Alternative: Gun Gale Online II,7.14,117404,334,12,Finished Airing,['Action'],fall,2024
Kaguya-sama wa Kokurasetai? Tensai-tachi no Renai Zunousen,8.61,1485556,19039,12,Finished Airing,"['Comedy', 'Romance']",spring,2020
Kami no Tou,7.55,1060508,6918,13,Finished Airing,"['Action', 'Adventure', 'Drama', 'Fantasy', 'Mystery']",spring,2020
Shokugeki no Souma: Gou no Sara,7.31,582706,1450,13,Finished Airing,"['Gourmet', 'Ecchi']",spring,2020
Fruits Basket 2nd Season,8.53,578838,6453,25,Finished Airing,"['Drama', 'Romance', 'Supernatural']",spring,2020
Gleipnir,6.95,537188,2036,13,Finished Airing,"['Action', 'Mystery', 'Ecchi']",spring,2020
Otome Game no Hametsu Flag shika Nai Akuyaku Reijou ni Tensei shiteshimatta...,7.44,505906,3245,12,Finished Airing,"['Comedy', 'Fantasy', 'Romance']",spring,2020
Nakitai Watashi wa Neko wo Kaburu,7.35,491850,2080,1,Finished Airing,"['Award Winning', 'Drama', 'Romance', 'Supernatural']",spring,2020
Fugou Keiji: Balance:Unlimited,7.5,469462,3012,11,Finished Airing,['Mystery'],spring,2020
BNA,7.34,401125,2853,12,Finished Airing,"['Action', 'Fantasy']",spring,2020
Kakushigoto,7.96,352146,2148,12,Finished Airing,['Comedy'],spring,2020
Yesterday wo Utatte,6.87,332424,1383,12,Finished Airing,"['Drama', 'Romance']",spring,2020
Princess Connect! Re:Dive,7.03,315319,1071,13,Finished Airing,"['Adventure', 'Comedy', 'Fantasy', 'Gourmet']",spring,2020
"Hachi-nan tte, Sore wa Nai deshou!",6.27,272737,533,12,Finished Airing,"['Action', 'Fantasy']",spring,2020
Honzuki no Gekokujou: Shisho ni Naru Tame ni wa Shudan wo Erandeiraremasen 2nd Season,8.07,249855,870,12,Finished Airing,['Fantasy'],spring,2020
Baki: Dai Raitaisai-hen,7.53,236117,550,13,Finished Airing,['Sports'],spring,2020
Arte,7.2,143962,397,12,Finished Airing,['Drama'],spring,2020
Appare-Ranman!,7.24,141401,524,13,Finished Airing,['Comedy'],spring,2020
Kingdom 3rd Season,8.84,131593,2746,26,Finished Airing,['Action'],spring,2020
Tsugu Tsugumomo,7.4,124517,382,12,Finished Airing,"['Action', 'Comedy', 'Supernatural', 'Ecchi']",spring,2020
Shironeko Project: Zero Chronicle,5.4,109972,215,12,Finished Airing,"['Action', 'Adventure', 'Fantasy']",spring,2020
Strike the Blood IV,6.93,95149,184,12,Finished Airing,"['Action', 'Fantasy', 'Ecchi']",spring,2020
Nami yo Kiitekure,7.34,92051,214,12,Finished Airing,"['Comedy', 'Drama']",spring,2020
Houkago Teibou Nisshi,7.44,72035,354,12,Finished Airing,"['Gourmet', 'Slice of Life']",spring,2020
Listeners,5.41,67186,58,12,Finished Airing,['Sci-Fi'],spring,2020
Digimon Adventure:,6.51,61233,212,67,Finished Airing,"['Action', 'Adventure', 'Comedy', 'Fantasy']",spring,2020
Tokyo Revengers,7.82,1394103,25313,24,Finished Airing,"['Action', 'Drama']",spring,2021
Boku no Hero Academia 5th Season,7.35,1341712,10263,25,Finished Airing,['Action'],spring,2021
Fumetsu no Anata e,8.35,986882,16143,20,Finished Airing,"['Adventure', 'Drama', 'Supernatural']",spring,2021
86,8.34,954447,26568,11,Finished Airing,"['Drama', 'Sci-Fi']",spring,2021
"Ijiranaide, Nagatoro-san",7.18,879364,9005,12,Finished Airing,"['Comedy', 'Romance']",spring,2021
Hige wo Soru. Soshite Joshikousei wo Hirou.,7.26,668206,6357,13,Finished Airing,"['Drama', 'Romance']",spring,2021
Vivy: Fluorite Eye's Song,8.38,602618,11483,13,Finished Airing,"['Action', 'Sci-Fi', 'Suspense']",spring,2021
Fruits Basket: The Final,8.94,556503,21277,13,Finished Airing,"['Drama', 'Romance', 'Supernatural']",spring,2021
Odd Taxi,8.63,504041,9126,13,Finished Airing,"['Award Winning', 'Drama', 'Mystery', 'Suspense']",spring,2021
Shiguang Dailiren,8.71,473117,14750,11,Finished Airing,"['Drama', 'Mystery', 'Suspense']",spring,2021
Gokushufudou,7.26,471847,2902,5,Finished Airing,['Comedy'],spring,2021
Isekai Maou to Shoukan Shoujo no Dorei Majutsu Ω,6.68,461389,2779,10,Finished Airing,"['Action', 'Comedy', 'Fantasy', 'Romance', 'Ecchi']",spring,2021
"Slime Taoshite 300-nen, Shiranai Uchi ni Level Max ni Nattemashita",6.89,443874,2317,12,Finished Airing,"['Comedy', 'Fantasy']",spring,2021
"Sentouin, Haken shimasu!",7.13,418281,2090,12,Finished Airing,"['Action', 'Comedy', 'Fantasy']",spring,2021
Shuumatsu no Walküre,6.83,385457,2097,12,Finished Airing,"['Action', 'Drama', 'Fantasy']",spring,2021
Tensura Nikki: Tensei shitara Slime Datta Ken,7.59,379369,2151,12,Finished Airing,"['Comedy', 'Fantasy']",spring,2021
Mairimashita! Iruma-kun 2nd Season,8.02,367785,2488,21,Finished Airing,"['Comedy', 'Fantasy']",spring,2021
Osananajimi ga Zettai ni Makenai Love Comedy,6.06,291491,1673,12,Finished Airing,"['Comedy', 'Romance']",spring,2021
Yuukoku no Moriarty Part 2,8.29,289000,3309,13,Finished Airing,"['Mystery', 'Suspense']",spring,2021
Edens Zero,7.24,284550,1977,25,Finished Airing,"['Action', 'Adventure', 'Fantasy', 'Sci-Fi']",spring,2021
Shaman King (2021),6.91,281824,1759,52,Finished Airing,"['Action', 'Adventure', 'Supernatural']",spring,2021
Shadows House,7.81,280128,2332,13,Finished Airing,"['Fantasy', 'Mystery']",spring,2021
Kyuukyoku Shinka shita Full Dive RPG ga Genjitsu yori mo Kusoge Dattara,6.47,274996,1163,12,Finished Airing,"['Action', 'Comedy', 'Fantasy']",spring,2021
Kaguya-sama wa Kokurasetai? Tensai-tachi no Renai Zunousen OVA,7.58,259625,584,1,Finished Airing,"['Comedy', 'Romance', 'Ecchi']",spring,2021
Koi to Yobu ni wa Kimochi Warui,7.11,258248,1719,12,Finished Airing,"['Comedy', 'Romance']",spring,2021
Spy x Family,8.42,1862244,41194,12,Finished Airing,"['Action', 'Award Winning', 'Comedy']",spring,2022
Kaguya-sama wa Kokurasetai: Ultra Romantic,8.96,1094783,33046,13,Finished Airing,"['Comedy', 'Romance']",spring,2022
Tate no Yuusha no Nariagari Season 2,6.53,859133,12341,13,Finished Airing,"['Action', 'Adventure', 'Drama', 'Fantasy']",spring,2022
Summertime Render,8.46,666522,11283,25,Finished Airing,"['Mystery', 'Supernatural', 'Suspense']",spring,2022
Kawaii dake ja Nai Shikimori-san,6.94,619182,5283,12,Finished Airing,"['Comedy', 'Romance']",spring,2022
"Komi-san wa, Comyushou desu. 2nd Season",7.98,551100,4002,12,Finished Airing,['Comedy'],spring,2022
Tomodachi Game,7.7,485137,4430,12,Finished Airing,['Suspense'],spring,2022
Aharen-san wa Hakarenai,7.27,389817,2376,12,Finished Airing,"['Comedy', 'Romance']",spring,2022
Otome Game Sekai wa Mob ni Kibishii Sekai desu,7.31,376303,2398,12,Finished Airing,"['Fantasy', 'Romance']",spring,2022
"Gaikotsu Kishi-sama, Tadaima Isekai e Odekakechuu",7.13,368936,1840,12,Finished Airing,"['Action', 'Adventure', 'Fantasy']",spring,2022
"Yuusha, Yamemasu",7.0,351404,1756,12,Finished Airing,"['Action', 'Adventure', 'Comedy', 'Fantasy']",spring,2022
"Shijou Saikyou no Daimaou, Murabito A ni Tensei suru",6.29,336597,1536,12,Finished Airing,"['Action', 'Fantasy']",spring,2022
Kakkou no Iinazuke,6.85,335370,2353,24,Finished Airing,"['Comedy', 'Romance']",spring,2022
Paripi Koumei,8.09,328205,2616,12,Finished Airing,['Comedy'],spring,2022
5-toubun no Hanayome Movie,7.81,313597,3415,1,Finished Airing,"['Comedy', 'Romance']",spring,2022
Date A Live IV,7.73,286763,3428,12,Finished Airing,"['Action', 'Fantasy', 'Romance', 'Sci-Fi']",spring,2022
Koi wa Sekai Seifuku no Ato de,7.38,274091,1089,12,Finished Airing,"['Action', 'Comedy', 'Fantasy', 'Romance']",spring,2022
Ao Ashi,8.15,253141,3437,24,Finished Airing,['Sports'],spring,2022
Bubble,7.23,242771,1607,1,Finished Airing,"['Action', 'Sci-Fi']",spring,2022
Honzuki no Gekokujou: Shisho ni Naru Tame ni wa Shudan wo Erandeiraremasen 3rd Season,8.06,191133,1012,10,Finished Airing,['Fantasy'],spring,2022
Shokei Shoujo no Virgin Road,6.76,188981,781,12,Finished Airing,"['Action', 'Adventure', 'Fantasy']",spring,2022
Mahoutsukai Reimeiki,6.39,182172,763,12,Finished Airing,"['Action', 'Adventure', 'Comedy', 'Fantasy']",spring,2022
Rikei ga Koi ni Ochita no de Shoumei shitemita. Heart,7.3,169934,538,12,Finished Airing,"['Comedy', 'Romance']",spring,2022
Dragon Ball Super: Super Hero,7.58,144114,691,1,Finished Airing,"['Action', 'Adventure', 'Fantasy']",spring,2022
Deaimon,7.54,108414,473,12,Finished Airing,['Slice of Life'],spring,2022
Kimetsu no Yaiba: Katanakaji no Sato-hen,8.16,1093104,9739,11,Finished Airing,"['Action', 'Supernatural']",spring,2023
[Oshi no Ko],8.54,1027483,31021,11,Finished Airing,"['Award Winning', 'Drama']",spring,2023
Jigokuraku,8.09,923651,9916,13,Finished Airing,"['Action', 'Adventure', 'Supernatural']",spring,2023
Mashle,7.61,777725,4763,12,Finished Airing,"['Action', 'Comedy', 'Fantasy']",spring,2023
Tengoku Daimakyou,8.21,618773,7649,13,Finished Airing,"['Adventure', 'Mystery', 'Sci-Fi']",spring,2023
Dr. Stone: New World,8.15,592389,3354,11,Finished Airing,"['Adventure', 'Comedy']",spring,2023
Yamada-kun to Lv999 no Koi wo Suru,7.75,536863,5184,13,Finished Airing,['Romance'],spring,2023
Boku no Kokoro no Yabai Yatsu,8.21,430693,6289,12,Finished Airing,"['Comedy', 'Romance']",spring,2023
Kono Subarashii Sekai ni Bakuen wo!,7.52,385740,2062,12,Finished Airing,"['Comedy', 'Fantasy']",spring,2023
"Isekai de Cheat Skill wo Te ni Shita Ore wa, Genjitsu Sekai wo mo Musou Suru: Level Up wa Jinsei wo Kaeta",6.33,381410,2320,13,Finished Airing,"['Action', 'Adventure', 'Fantasy']",spring,2023
Skip to Loafer,8.1,337925,3968,12,Finished Airing,['Drama'],spring,2023
Tonikaku Kawaii 2nd Season,7.63,290343,2512,12,Finished Airing,"['Comedy', 'Romance']",spring,2023
Dead Mount Death Play,7.26,283292,1277,12,Finished Airing,"['Action', 'Fantasy']",spring,2023
Kimi wa Houkago Insomnia,8.07,270962,2482,13,Finished Airing,['Romance'],spring,2023
Black Clover: Mahou Tei no Ken,7.98,265381,2792,1,Finished Airing,"['Action', 'Comedy', 'Fantasy']",spring,2023
Kaminaki Sekai no Kamisama Katsudou,6.67,232804,785,12,Finished Airing,"['Action', 'Comedy', 'Fantasy']",spring,2023
Tensei Kizoku no Isekai Boukenroku: Jichou wo Shiranai Kamigami no Shito,6.68,222970,1092,12,Finished Airing,"['Action', 'Fantasy', 'Romance']",spring,2023
Mahoutsukai no Yome Season 2,7.76,216023,1089,12,Finished Airing,"['Drama', 'Fantasy', 'Romance']",spring,2023
Seishun Buta Yarou wa Odekake Sister no Yume wo Minai,7.75,196314,708,1,Finished Airing,"['Drama', 'Romance', 'Supernatural']",spring,2023
Kanojo ga Koushaku-tei ni Itta Riyuu,7.53,194359,1737,12,Finished Airing,"['Fantasy', 'Romance']",spring,2023
Isekai Shoukan wa Nidome desu,5.67,188256,764,12,Finished Airing,"['Adventure', 'Comedy', 'Fantasy', 'Romance']",spring,2023
Otonari ni Ginga,7.16,181916,664,12,Finished Airing,"['Romance', 'Supernatural']",spring,2023
Isekai wa Smartphone to Tomo ni. 2,6.39,172235,1061,12,Finished Airing,"['Adventure', 'Comedy', 'Fantasy', 'Romance']",spring,2023
Megami no Café Terrace,7.31,161670,719,12,Finished Airing,"['Comedy', 'Romance', 'Ecchi']",spring,2023
Ousama Ranking: Yuuki no Takarabako,7.39,161253,653,10,Finished Airing,"['Adventure', 'Fantasy']",spring,2023
Kimetsu no Yaiba: Hashira Geiko-hen,8.03,751002,4938,8,Finished Airing,"['Action', 'Supernatural']",spring,2024
Kaijuu 8-gou,8.22,709452,6648,12,Finished Airing,"['Action', 'Fantasy', 'Sci-Fi']",spring,2024
Mushoku Tensei II: Isekai Ittara Honki Dasu Part 2,8.39,556404,4583,12,Finished Airing,"['Adventure', 'Drama', 'Fantasy', 'Ecchi']",spring,2024
Kono Subarashii Sekai ni Shukufuku wo! 3,8.34,539236,5580,11,Finished Airing,"['Adventure', 'Comedy', 'Fantasy']",spring,2024
Tensei shitara Slime Datta Ken 3rd Season,7.7,462842,4383,24,Finished Airing,"['Action', 'Comedy', 'Fantasy']",spring,2024
Boku no Hero Academia 7th Season,8.12,462192,3028,21,Finished Airing,['Action'],spring,2024
Wind Breaker,7.72,450206,3640,13,Finished Airing,['Action'],spring,2024
"Tensei shitara Dainana Ouji Datta node, Kimama ni Majutsu wo Kiwamemasu",7.41,258304,1200,12,Finished Airing,"['Adventure', 'Fantasy']",spring,2024
Ookami to Koushinryou: Merchant Meets the Wise Wolf,8.12,257093,2198,25,Finished Airing,"['Adventure', 'Drama', 'Romance', 'Supernatural']",spring,2024
Lv2 kara Cheat datta Motoyuusha Kouho no Mattari Isekai Life,6.82,244382,1053,12,Finished Airing,"['Adventure', 'Fantasy', 'Romance']",spring,2024
Look Back,8.62,230914,4748,1,Finished Airing,['Drama'],spring,2024
"Maou no Ore ga Dorei Elf wo Yome ni Shitanda ga, Dou Medereba Ii?",7.29,204952,811,12,Finished Airing,"['Action', 'Fantasy', 'Romance']",spring,2024
"Maou Gakuin no Futekigousha II: Shijou Saikyou no Maou no Shiso, Tensei shite Shison-tachi no Gakkou e Kayou Part 2",6.48,204395,830,12,Finished Airing,"['Action', 'Fantasy']",spring,2024
Sentai Daishikkaku,7.3,197014,842,12,Finished Airing,"['Action', 'Fantasy']",spring,2024
"Tensei Kizoku, Kantei Skill de Nariagaru",7.16,190793,442,12,Finished Airing,"['Adventure', 'Fantasy']",spring,2024
Re:Monster,6.54,183644,558,12,Finished Airing,"['Action', 'Adventure', 'Fantasy']",spring,2024
Yozakura-san Chi no Daisakusen,7.57,156060,790,27,Finished Airing,"['Action', 'Comedy']",spring,2024
Mahouka Koukou no Rettousei 3rd Season,7.04,155310,484,13,Finished Airing,"['Action', 'Fantasy', 'Romance', 'Sci-Fi']",spring,2024
Unnamed Memory,6.8,155282,724,12,Finished Airing,"['Adventure', 'Fantasy', 'Romance']",spring,2024
The New Gate,6.46,148343,420,12,Finished Airing,"['Action', 'Adventure', 'Fantasy']",spring,2024
Jiisan Baasan Wakagaeru,7.45,148131,582,11,Finished Airing,"['Comedy', 'Romance', 'Supernatural']",spring,2024
Date A Live V,7.69,139407,1426,12,Finished Airing,"['Action', 'Fantasy', 'Romance', 'Sci-Fi']",spring,2024
Hananoi-kun to Koi no Yamai,6.76,136763,569,12,Finished Airing,['Romance'],spring,2024
Bartender: Kami no Glass,7.38,135136,534,12,Finished Airing,"['Drama', 'Gourmet']",spring,2024
Girls Band Cry,8.36,132995,3096,13,Finished Airing,['Drama'],spring,2024
Re:Zero kara Hajimeru Isekai Seikatsu 2nd Season,8.32,1263664,12425,13,Finished Airing,"['Drama', 'Fantasy', 'Suspense']",summer,2020
"Kanojo, Okarishimasu",6.85,1079788,8257,12,Finished Airing,"['Comedy', 'Romance']",summer,2020
The God of High School,7.07,994537,4285,13,Finished Airing,"['Action', 'Fantasy']",summer,2020
Enen no Shouboutai: Ni no Shou,7.82,904909,3102,24,Finished Airing,"['Action', 'Fantasy', 'Sci-Fi']",summer,2020
"Maou Gakuin no Futekigousha: Shijou Saikyou no Maou no Shiso, Tensei shite Shison-tachi no Gakkou e Kayou",7.31,895706,5778,13,Finished Airing,"['Action', 'Fantasy']",summer,2020
Yahari Ore no Seishun Love Comedy wa Machigatteiru. Kan,8.35,812779,14903,12,Finished Airing,"['Comedy', 'Romance']",summer,2020
Great Pretender,8.19,741296,10472,23,Finished Airing,"['Action', 'Adventure', 'Mystery']",summer,2020
Violet Evergarden Movie,8.83,718381,9725,1,Finished Airing,"['Award Winning', 'Drama']",summer,2020
Sword Art Online: Alicization - War of Underworld 2nd Season,7.51,681379,3352,11,Finished Airing,"['Action', 'Adventure', 'Fantasy']",summer,2020
Uzaki-chan wa Asobitai!,6.96,524925,1787,12,Finished Airing,"['Comedy', 'Romance']",summer,2020
Fate/stay night Movie: Heaven's Feel - III. Spring Song,8.63,402498,8487,1,Finished Airing,"['Action', 'Fantasy']",summer,2020
Deca-Dence,7.35,325188,977,12,Finished Airing,"['Action', 'Adventure', 'Sci-Fi']",summer,2020
Given Movie 1,8.11,262031,1701,1,Finished Airing,"['Boys Love', 'Drama']",summer,2020
Monster Musume no Oishasan,6.52,248203,468,12,Finished Airing,"['Comedy', 'Fantasy', 'Romance', 'Ecchi']",summer,2020
Peter Grill to Kenja no Jikan,5.53,221211,804,12,Finished Airing,"['Comedy', 'Fantasy', 'Erotica']",summer,2020
Umibe no Étranger,7.8,217518,3066,1,Finished Airing,['Boys Love'],summer,2020
Boku no Hero Academia: Ikinokore! Kesshi no Survival Kunren,7.17,198539,193,2,Finished Airing,['Action'],summer,2020
Dokyuu Hentai HxEros,5.75,157965,285,12,Finished Airing,"['Action', 'Comedy', 'Romance', 'Sci-Fi', 'Ecchi']",summer,2020
Nihon Chinbotsu 2020,6.46,157003,430,10,Finished Airing,"['Drama', 'Sci-Fi']",summer,2020
Ore wo Suki nano wa Omae dake ka yo: Oretachi no Game Set,7.55,134252,322,1,Finished Airing,"['Comedy', 'Romance']",summer,2020
Quanzhi Gaoshou 2,7.9,129376,558,12,Finished Airing,['Action'],summer,2020
Date A Bullet: Dead or Bullet,7.59,117240,618,1,Finished Airing,"['Action', 'Fantasy', 'Sci-Fi']",summer,2020
Aggressive Retsuko (ONA) 3rd Season,7.78,98489,270,10,Finished Airing,['Comedy'],summer,2020
Shingeki no Kyojin: Chronicle,7.84,98128,241,1,Finished Airing,"['Action', 'Drama', 'Suspense']",summer,2020
"Omoi, Omoware, Furi, Furare",7.25,87464,340,1,Finished Airing,"['Drama', 'Romance']",summer,2020
Tensei shitara Slime Datta Ken 2nd Season Part 2,8.29,896458,11030,12,Finished Airing,"['Action', 'Comedy', 'Fantasy']",summer,2021
Vanitas no Karte,7.9,620347,8327,12,Finished Airing,"['Action', 'Fantasy', 'Mystery']",summer,2021
Kobayashi-san Chi no Maid Dragon S,8.2,607890,5769,12,Finished Airing,"['Slice of Life', 'Supernatural']",summer,2021
Tsuki ga Michibiku Isekai Douchuu,7.71,549370,4797,12,Finished Airing,"['Action', 'Adventure', 'Comedy', 'Fantasy']",summer,2021
Genjitsu Shugi Yuusha no Oukoku Saikenki,7.25,453767,2775,13,Finished Airing,"['Action', 'Fantasy', 'Romance']",summer,2021
Seirei Gensouki,7.06,448815,3465,12,Finished Airing,"['Action', 'Adventure', 'Fantasy', 'Romance']",summer,2021
Kanojo mo Kanojo,6.51,419891,2542,12,Finished Airing,"['Comedy', 'Romance']",summer,2021
"Tantei wa Mou, Shindeiru.",6.43,408451,3262,12,Finished Airing,"['Comedy', 'Mystery', 'Romance']",summer,2021
Bokutachi no Remake,7.38,379112,2475,12,Finished Airing,"['Drama', 'Romance']",summer,2021
Sonny Boy,7.85,373715,8867,12,Finished Airing,"['Award Winning', 'Mystery']",summer,2021
Boku no Hero Academia the Movie 3: World Heroes' Mission,7.58,287612,1038,1,Finished Airing,['Action'],summer,2021
Shinigami Bocchan to Kuro Maid,7.58,280297,1772,12,Finished Airing,"['Comedy', 'Fantasy', 'Romance']",summer,2021
Otome Game no Hametsu Flag shika Nai Akuyaku Reijou ni Tensei shiteshimatta... X,7.25,272675,1122,12,Finished Airing,"['Comedy', 'Fantasy', 'Romance']",summer,2021
Uramichi Oniisan,7.69,266742,2680,13,Finished Airing,['Comedy'],summer,2021
Jahy-sama wa Kujikenai!,7.0,266700,1451,20,Finished Airing,"['Comedy', 'Supernatural']",summer,2021
Cider no You ni Kotoba ga Wakiagaru,7.38,263531,1736,1,Finished Airing,['Romance'],summer,2021
Meikyuu Black Company,7.21,254239,886,12,Finished Airing,"['Comedy', 'Fantasy']",summer,2021
Deatte 5-byou de Battle,6.75,237182,967,12,Finished Airing,"['Action', 'Suspense']",summer,2021
Megami-ryou no Ryoubo-kun.,6.49,222684,1312,10,Finished Airing,"['Comedy', 'Romance', 'Ecchi']",summer,2021
Heion Sedai no Idaten-tachi,7.6,208850,1672,11,Finished Airing,"['Action', 'Adventure', 'Fantasy']",summer,2021
Peach Boy Riverside,6.24,200986,692,12,Finished Airing,"['Action', 'Adventure', 'Fantasy']",summer,2021
Hanma Baki: Son of Ogre,7.63,195454,721,12,Finished Airing,['Sports'],summer,2021
Ryuu to Sobakasu no Hime,7.47,187924,1767,1,Finished Airing,"['Drama', 'Fantasy', 'Sci-Fi']",summer,2021
100-man no Inochi no Ue ni Ore wa Tatteiru 2nd Season,6.79,186102,645,12,Finished Airing,"['Action', 'Adventure', 'Drama', 'Fantasy']",summer,2021
Shiroi Suna no Aquatope,7.51,181769,1441,24,Finished Airing,['Drama'],summer,2021
Cyberpunk: Edgerunners,8.62,1025161,34246,10,Finished Airing,"['Action', 'Sci-Fi']",summer,2022
Youkoso Jitsuryoku Shijou Shugi no Kyoushitsu e 2nd Season,8.05,782478,8402,13,Finished Airing,"['Drama', 'Suspense']",summer,2022
Yofukashi no Uta,7.94,756842,10381,13,Finished Airing,"['Romance', 'Supernatural']",summer,2022
Overlord IV,8.06,626925,7462,13,Finished Airing,"['Action', 'Adventure', 'Fantasy']",summer,2022
Lycoris Recoil,8.14,587358,9749,13,Finished Airing,['Action'],summer,2022
Made in Abyss: Retsujitsu no Ougonkyou,8.6,532457,6888,12,Finished Airing,"['Adventure', 'Drama', 'Fantasy', 'Mystery', 'Sci-Fi']",summer,2022
Hataraku Maou-sama!!,6.65,522240,4719,12,Finished Airing,"['Comedy', 'Supernatural']",summer,2022
"Kanojo, Okarishimasu 2nd Season",6.71,470826,4866,12,Finished Airing,"['Comedy', 'Romance']",summer,2022
Isekai Ojisan,7.75,422413,2314,13,Finished Airing,"['Comedy', 'Fantasy']",summer,2022
Dungeon ni Deai wo Motomeru no wa Machigatteiru Darou ka IV: Shin Shou - Meikyuu-hen,7.74,403535,2155,11,Finished Airing,"['Action', 'Adventure', 'Fantasy']",summer,2022
Dr. Stone: Ryuusui,8.12,379270,943,1,Finished Airing,"['Adventure', 'Comedy']",summer,2022
JoJo no Kimyou na Bouken Part 6: Stone Ocean Part 2,8.04,342655,1309,12,Finished Airing,"['Action', 'Adventure']",summer,2022
Mamahaha no Tsurego ga Motokano datta,6.72,335754,1593,12,Finished Airing,"['Comedy', 'Romance']",summer,2022
Kinsou no Vermeil: Gakeppuchi Majutsushi wa Saikyou no Yakusai to Mahou Sekai wo Tsukisusumu,6.79,333832,2189,12,Finished Airing,"['Fantasy', 'Ecchi']",summer,2022
Isekai Meikyuu de Harem wo,6.53,294587,2208,12,Finished Airing,"['Action', 'Adventure', 'Fantasy', 'Erotica']",summer,2022
Kuro no Shoukanshi,7.01,290083,1158,12,Finished Airing,"['Action', 'Fantasy']",summer,2022
Engage Kiss,6.78,275364,1287,13,Finished Airing,"['Action', 'Comedy', 'Romance']",summer,2022
Isekai Yakkyoku,7.26,269032,999,12,Finished Airing,['Fantasy'],summer,2022
Kumichou Musume to Sewagakari,7.74,259016,1174,12,Finished Airing,['Slice of Life'],summer,2022
"Tensei Kenja no Isekai Life: Dai-2 no Shokugyou wo Ete, Sekai Saikyou ni Narimashita",6.32,250027,1421,12,Finished Airing,"['Action', 'Adventure', 'Fantasy']",summer,2022
"Natsu e no Tunnel, Sayonara no Deguchi",7.97,245613,2656,1,Finished Airing,"['Drama', 'Mystery', 'Romance', 'Supernatural']",summer,2022
One Piece Film: Red,7.81,223933,1732,1,Finished Airing,"['Action', 'Adventure', 'Award Winning', 'Comedy', 'Drama', 'Fantasy']",summer,2022
Soredemo Ayumu wa Yosetekuru,7.01,183216,672,12,Finished Airing,"['Comedy', 'Romance']",summer,2022
Saikin Yatotta Maid ga Ayashii,6.56,144971,532,11,Finished Airing,"['Comedy', 'Romance']",summer,2022
Shadows House 2nd Season,8.02,139001,726,12,Finished Airing,"['Fantasy', 'Mystery']",summer,2022
Jujutsu Kaisen 2nd Season,8.71,1350133,25898,23,Finished Airing,"['Action', 'Supernatural']",summer,2023
Mushoku Tensei II: Isekai Ittara Honki Dasu,8.2,739056,7808,12,Finished Airing,"['Adventure', 'Drama', 'Fantasy', 'Ecchi']",summer,2023
Zom 100: Zombie ni Naru made ni Shitai 100 no Koto,7.71,669016,4253,12,Finished Airing,"['Comedy', 'Suspense']",summer,2023
Horimiya: Piece,8.13,448011,3047,13,Finished Airing,['Romance'],summer,2023
Bleach: Sennen Kessen-hen - Ketsubetsu-tan,8.7,402507,5040,13,Finished Airing,"['Action', 'Adventure', 'Supernatural']",summer,2023
Watashi no Shiawase na Kekkon,7.68,376792,3277,12,Finished Airing,"['Drama', 'Fantasy', 'Romance']",summer,2023
Masamune-kun no Revenge R,7.23,254364,1351,12,Finished Airing,"['Comedy', 'Romance']",summer,2023
Bungou Stray Dogs 5th Season,8.6,253633,2946,11,Finished Airing,"['Action', 'Mystery']",summer,2023
Mushoku Tensei II: Isekai Ittara Honki Dasu - Shugo Jutsushi Fitz,7.54,241852,413,1,Finished Airing,"['Adventure', 'Drama', 'Fantasy', 'Ecchi']",summer,2023
Suki na Ko ga Megane wo Wasureta,7.15,239108,1562,13,Finished Airing,"['Comedy', 'Romance']",summer,2023
"Kanojo, Okarishimasu 3rd Season",6.95,218071,1025,12,Finished Airing,"['Comedy', 'Romance']",summer,2023
Yumemiru Danshi wa Genjitsushugisha,6.62,216758,1173,12,Finished Airing,"['Comedy', 'Romance']",summer,2023
"Jitsu wa Ore, Saikyou deshita?",6.46,206413,587,12,Finished Airing,"['Adventure', 'Fantasy']",summer,2023
Nanatsu no Maken ga Shihai suru,6.56,186050,809,15,Finished Airing,"['Action', 'Fantasy']",summer,2023
Dark Gathering,7.84,184147,1406,25,Finished Airing,"['Horror', 'Supernatural']",summer,2023
Undead Girl Murder Farce,7.84,182706,912,13,Finished Airing,"['Fantasy', 'Mystery']",summer,2023
Jidou Hanbaiki ni Umarekawatta Ore wa Meikyuu wo Samayou,6.42,178574,415,12,Finished Airing,"['Comedy', 'Fantasy']",summer,2023
Liar Liar,6.29,176584,698,12,Finished Airing,['Suspense'],summer,2023
Hataraku Maou-sama!! 2nd Season,6.67,173830,338,12,Finished Airing,"['Comedy', 'Supernatural']",summer,2023
Shiguang Dailiren II,8.64,168317,2138,12,Finished Airing,"['Drama', 'Mystery', 'Suspense']",summer,2023
Level 1 dakedo Unique Skill de Saikyou desu,6.2,155161,340,12,Finished Airing,"['Adventure', 'Fantasy']",summer,2023
Rurouni Kenshin: Meiji Kenkaku Romantan (2023),7.62,151495,923,24,Finished Airing,['Action'],summer,2023
"Seija Musou: Salaryman, Isekai de Ikinokoru Tame ni Ayumu Michi",7.11,145934,405,12,Finished Airing,"['Adventure', 'Comedy', 'Fantasy']",summer,2023
Eiyuu Kyoushitsu,6.04,145466,493,12,Finished Airing,"['Action', 'Fantasy', 'Ecchi']",summer,2023
Kimitachi wa Dou Ikiru ka,7.6,144557,716,1,Finished Airing,"['Adventure', 'Award Winning', 'Drama', 'Fantasy']",summer,2023
[Oshi no Ko] 2nd Season,8.52,501574,6047,13,Finished Airing,['Drama'],summer,2024
Tokidoki Bosotto Russia-go de Dereru Tonari no Alya-san,7.55,484495,5648,12,Finished Airing,"['Comedy', 'Romance']",summer,2024
Tsue to Tsurugi no Wistoria,7.85,348187,1869,12,Finished Airing,"['Action', 'Fantasy']",summer,2024
Make Heroine ga Oosugiru!,8.08,321889,3507,12,Finished Airing,"['Comedy', 'Romance']",summer,2024
Kami no Tou: Ouji no Kikan,6.66,287086,1298,13,Finished Airing,"['Action', 'Adventure', 'Drama', 'Fantasy', 'Mystery']",summer,2024
Shikanoko Nokonoko Koshitantan,6.95,272877,1698,12,Finished Airing,['Comedy'],summer,2024
Isekai Shikkaku,7.25,232157,848,12,Finished Airing,"['Adventure', 'Comedy', 'Fantasy']",summer,2024
"Hazurewaku no ""Joutai Ijou Skill"" de Saikyou ni Natta Ore ga Subete wo Juurin suru made",6.47,223851,860,12,Finished Airing,"['Action', 'Adventure', 'Fantasy']",summer,2024
Giji Harem,7.82,219258,1699,12,Finished Airing,"['Comedy', 'Romance']",summer,2024
"Ore wa Subete wo ""Parry"" suru: Gyaku Kanchigai no Sekai Saikyou wa Boukensha ni Naritai",6.87,211560,701,12,Finished Airing,"['Action', 'Adventure', 'Fantasy']",summer,2024
Gimai Seikatsu,7.31,205122,1591,12,Finished Airing,['Romance'],summer,2024
"Shinmai Ossan Boukensha, Saikyou Party ni Shinu hodo Kitaerarete Muteki ni Naru.",7.36,202727,715,12,Finished Airing,"['Action', 'Adventure', 'Fantasy']",summer,2024
Nige Jouzu no Wakagimi,7.78,201058,851,12,Finished Airing,"['Adventure', 'Comedy']",summer,2024
Fairy Tail: 100-nen Quest,7.6,169921,1710,25,Finished Airing,"['Action', 'Adventure', 'Fantasy']",summer,2024
Isekai Suicide Squad,6.37,159101,559,10,Finished Airing,"['Action', 'Fantasy']",summer,2024
2.5-jigen no Ririsa,7.41,156073,979,24,Finished Airing,"['Comedy', 'Ecchi']",summer,2024
Maougun Saikyou no Majutsushi wa Ningen datta,6.41,149453,423,12,Finished Airing,"['Action', 'Adventure', 'Fantasy']",summer,2024
Shoushimin Series,7.35,139655,697,10,Finished Airing,['Mystery'],summer,2024
Naze Boku no Sekai wo Daremo Oboeteinai no ka?,6.23,137040,388,12,Finished Airing,"['Action', 'Fantasy', 'Sci-Fi']",summer,2024
Overlord Movie 3: Sei Oukoku-hen,7.75,115509,434,1,Finished Airing,"['Action', 'Adventure', 'Fantasy']",summer,2024
Kimi ni Todoke 3rd Season,8.43,110092,791,5,Finished Airing,"['Drama', 'Romance']",summer,2024
"Kimi to Boku no Saigo no Senjou, Aruiwa Sekai ga Hajimaru Seisen Season II",6.77,109449,572,12,Finished Airing,"['Action', 'Fantasy', 'Romance']",summer,2024
NieR:Automata Ver1.1a Part 2,8.05,108666,564,12,Finished Airing,"['Action', 'Fantasy', 'Sci-Fi']",summer,2024
Katsute Mahou Shoujo to Aku wa Tekitai shiteita.,7.55,103330,483,12,Finished Airing,"['Comedy', 'Romance']",summer,2024
Monogatari Series: Off & Monster Season,8.65,100817,884,14,Finished Airing,"['Comedy', 'Mystery', 'Supernatural']",summer,2024
Haikyuu!! To the Top,8.37,1042568,5530,13,Finished Airing,['Sports'],winter,2020
Jibaku Shounen Hanako-kun,7.82,681481,12729,12,Finished Airing,['Supernatural'],winter,2020
Dorohedoro,8.04,625998,10146,12,Finished Airing,"['Action', 'Comedy', 'Fantasy', 'Horror']",winter,2020
Darwin's Game,7.2,610326,2717,11,Finished Airing,"['Action', 'Mystery', 'Suspense']",winter,2020
Itai no wa Iya nanode Bougyoryoku ni Kyokufuri Shitai to Omoimasu.,7.5,597626,3931,12,Finished Airing,"['Action', 'Adventure', 'Comedy', 'Fantasy']",winter,2020
Made in Abyss Movie 3: Fukaki Tamashii no Reimei,8.6,531996,3963,1,Finished Airing,"['Adventure', 'Drama', 'Fantasy', 'Mystery', 'Sci-Fi']",winter,2020
Kyokou Suiri,6.92,531062,1458,12,Finished Airing,"['Mystery', 'Romance', 'Supernatural']",winter,2020
Ishuzoku Reviewers,7.4,502842,9617,12,Finished Airing,"['Comedy', 'Fantasy', 'Erotica']",winter,2020
Plunderer,6.65,487892,1644,24,Finished Airing,"['Action', 'Fantasy', 'Romance', 'Ecchi']",winter,2020
Id:Invaded,7.81,423796,3096,13,Finished Airing,"['Mystery', 'Sci-Fi', 'Suspense']",winter,2020
Xian Wang de Richang Shenghuo,7.31,393063,2244,15,Finished Airing,"['Adventure', 'Comedy', 'Fantasy']",winter,2020
Rikei ga Koi ni Ochita no de Shoumei shitemita.,7.34,391328,1196,12,Finished Airing,"['Comedy', 'Romance']",winter,2020
Eizouken ni wa Te wo Dasu na!,8.13,367396,4522,12,Finished Airing,"['Adventure', 'Award Winning', 'Comedy']",winter,2020
Haikyuu!! Riku vs. Kuu,7.84,343332,655,2,Finished Airing,['Sports'],winter,2020
Goblin Slayer: Goblin's Crown,7.26,322631,502,1,Finished Airing,"['Action', 'Adventure', 'Fantasy']",winter,2020
Somali to Mori no Kamisama,7.81,316595,1811,12,Finished Airing,"['Adventure', 'Drama', 'Fantasy']",winter,2020
Toaru Kagaku no Railgun T,8.14,264710,3327,25,Finished Airing,"['Action', 'Fantasy', 'Sci-Fi']",winter,2020
Isekai Quartet 2,7.36,254961,265,12,Finished Airing,"['Comedy', 'Fantasy']",winter,2020
Murenase! Seton Gakuen,6.9,217487,553,12,Finished Airing,"['Comedy', 'Ecchi']",winter,2020
Infinite Dendrogram,6.2,198250,308,13,Finished Airing,"['Action', 'Adventure', 'Fantasy']",winter,2020
Nekopara,6.72,188179,864,12,Finished Airing,['Slice of Life'],winter,2020
Magia Record: Mahou Shoujo Madoka☆Magica Gaiden,6.84,176972,951,13,Finished Airing,"['Drama', 'Suspense']",winter,2020
Overflow,7.23,161440,1609,8,Finished Airing,['Hentai'],winter,2020
Runway de Waratte,7.54,138781,440,12,Finished Airing,['Drama'],winter,2020
Dungeon ni Deai wo Motomeru no wa Machigatteiru Darou ka II OVA,6.5,118222,84,1,Finished Airing,"['Adventure', 'Comedy', 'Fantasy', 'Ecchi']",winter,2020
Shingeki no Kyojin: The Final Season,8.78,2260937,53905,16,Finished Airing,"['Action', 'Drama', 'Suspense']",winter,2021
Horimiya,8.18,1612067,39553,13,Finished Airing,['Romance'],winter,2021
Mushoku Tensei: Isekai Ittara Honki Dasu,8.33,1550453,39056,11,Finished Airing,"['Adventure', 'Drama', 'Fantasy', 'Ecchi']",winter,2021
Dr. Stone: Stone Wars,8.15,1189379,7568,11,Finished Airing,"['Adventure', 'Comedy']",winter,2021
Tensei shitara Slime Datta Ken 2nd Season,8.34,1098235,10990,12,Finished Airing,"['Action', 'Comedy', 'Fantasy']",winter,2021
Re:Zero kara Hajimeru Isekai Seikatsu 2nd Season Part 2,8.42,1052283,13342,12,Finished Airing,"['Drama', 'Fantasy', 'Suspense']",winter,2021
Yakusoku no Neverland 2nd Season,5.24,994048,4510,11,Finished Airing,"['Mystery', 'Suspense']",winter,2021
Wonder Egg Priority,7.54,827498,9401,12,Finished Airing,"['Drama', 'Supernatural', 'Suspense']",winter,2021
5-toubun no Hanayome ∬,8.0,803750,11828,12,Finished Airing,"['Comedy', 'Romance']",winter,2021
Kaifuku Jutsushi no Yarinaoshi,6.31,638913,6592,12,Finished Airing,"['Action', 'Fantasy', 'Erotica']",winter,2021
SK∞,8.0,626068,13809,12,Finished Airing,['Sports'],winter,2021
"Kumo desu ga, Nani ka?",7.44,503390,4761,24,Finished Airing,"['Action', 'Adventure', 'Comedy', 'Fantasy']",winter,2021
Beastars 2nd Season,7.75,490940,2305,12,Finished Airing,"['Drama', 'Suspense']",winter,2021
Nanatsu no Taizai: Funnu no Shinpan,6.57,474893,1598,24,Finished Airing,"['Action', 'Adventure', 'Fantasy']",winter,2021
Jaku-Chara Tomozaki-kun,7.1,437543,2030,12,Finished Airing,"['Drama', 'Romance']",winter,2021
Ore dake Haireru Kakushi Dungeon,6.27,435367,1811,12,Finished Airing,"['Action', 'Adventure', 'Fantasy', 'Ecchi']",winter,2021
Shin Evangelion Movie:||,8.58,420437,8242,1,Finished Airing,"['Award Winning', 'Drama', 'Sci-Fi', 'Suspense']",winter,2021
Kemono Jihen,7.36,418291,2351,12,Finished Airing,"['Action', 'Mystery', 'Supernatural']",winter,2021
Tenkuu Shinpan,6.68,377209,2083,12,Finished Airing,"['Action', 'Horror', 'Mystery', 'Suspense']",winter,2021
Tatoeba Last Dungeon Mae no Mura no Shounen ga Joban no Machi de Kurasu Youna Monogatari,6.32,318419,890,12,Finished Airing,"['Adventure', 'Comedy', 'Fantasy']",winter,2021
Hataraku Saibou!!,7.38,298681,618,8,Finished Airing,['Comedy'],winter,2021
Log Horizon: Entaku Houkai,7.07,266332,661,12,Finished Airing,"['Action', 'Adventure', 'Fantasy']",winter,2021
Yuru Camp△ Season 2,8.5,251868,3193,13,Finished Airing,['Slice of Life'],winter,2021
Hataraku Saibou Black,7.51,243605,470,13,Finished Airing,"['Action', 'Drama']",winter,2021
Gintama: The Final,9.05,180884,4637,1,Finished Airing,"['Action', 'Comedy', 'Drama', 'Sci-Fi']",winter,2021
Kimetsu no Yaiba: Yuukaku-hen,8.7,1715034,25153,11,Finished Airing,"['Action', 'Supernatural']",winter,2022
Shingeki no Kyojin: The Final Season Part 2,8.77,1535035,32219,12,Finished Airing,"['Action', 'Drama', 'Suspense']",winter,2022
Sono Bisque Doll wa Koi wo Suru,8.13,1297295,23397,12,Finished Airing,['Romance'],winter,2022
Arifureta Shokugyou de Sekai Saikyou 2nd Season,7.13,456021,4304,12,Finished Airing,"['Action', 'Adventure', 'Fantasy']",winter,2022
Vanitas no Karte Part 2,8.19,341173,2921,12,Finished Airing,"['Action', 'Fantasy', 'Mystery']",winter,2022
Tensai Ouji no Akaji Kokka Saisei Jutsu,7.38,330102,1714,12,Finished Airing,"['Comedy', 'Fantasy']",winter,2022
Genjitsu Shugi Yuusha no Oukoku Saikenki Part 2,7.42,296706,1453,13,Finished Airing,"['Action', 'Fantasy', 'Romance']",winter,2022
Shikkakumon no Saikyou Kenja,6.22,294028,1210,12,Finished Airing,"['Action', 'Adventure', 'Fantasy']",winter,2022
Shuumatsu no Harem,5.89,279055,2074,11,Finished Airing,"['Sci-Fi', 'Erotica']",winter,2022
Sabikui Bisco,7.14,277205,1465,12,Finished Airing,"['Action', 'Adventure', 'Fantasy', 'Sci-Fi']",winter,2022
Sasaki to Miyano,8.18,233862,5635,12,Finished Airing,['Boys Love'],winter,2022
Akebi-chan no Sailor-fuku,7.64,212315,1239,12,Finished Airing,['Slice of Life'],winter,2022
Karakai Jouzu no Takagi-san 3,8.36,210292,2350,12,Finished Airing,"['Comedy', 'Romance']",winter,2022
Mushoku Tensei: Isekai Ittara Honki Dasu - Eris no Goblin Toubatsu,7.79,209906,637,1,Finished Airing,"['Adventure', 'Drama', 'Fantasy']",winter,2022
Fantasy Bishoujo Juniku Ojisan to,7.12,205578,874,12,Finished Airing,"['Adventure', 'Comedy', 'Fantasy']",winter,2022
Kotarou wa Hitorigurashi,8.15,202600,2302,10,Finished Airing,['Slice of Life'],winter,2022
Koroshi Ai,6.9,195077,1025,12,Finished Airing,"['Action', 'Romance']",winter,2022
Leadale no Daichi nite,6.95,186635,984,12,Finished Airing,"['Adventure', 'Fantasy']",winter,2022
Kenja no Deshi wo Nanoru Kenja,6.33,142439,655,12,Finished Airing,"['Adventure', 'Fantasy']",winter,2022
Princess Connect! Re:Dive Season 2,7.72,141034,828,12,Finished Airing,"['Adventure', 'Comedy', 'Fantasy', 'Gourmet']",winter,2022
Orient,6.61,130013,527,12,Finished Airing,"['Action', 'Adventure', 'Fantasy']",winter,2022
Fruits Basket: Prelude,8.36,129304,874,1,Finished Airing,"['Drama', 'Romance']",winter,2022
Heike Monogatari,7.8,92469,853,11,Finished Airing,"['Drama', 'Supernatural']",winter,2022
Ryman's Club,7.34,86915,539,12,Finished Airing,['Sports'],winter,2022
Kobayashi-san Chi no Maid Dragon S: Nippon no Omotenashi - Attend wa Dragon desu,7.78,82766,291,1,Finished Airing,"['Slice of Life', 'Supernatural']",winter,2022
Shingeki no Kyojin: The Final Season - Kanketsu-hen,8.86,846372,17235,2,Finished Airing,"['Action', 'Drama', 'Suspense']",winter,2023
Vinland Saga Season 2,8.82,833852,20125,24,Finished Airing,"['Action', 'Adventure', 'Drama']",winter,2023
Tomo-chan wa Onnanoko!,7.71,500114,3239,13,Finished Airing,"['Comedy', 'Romance']",winter,2023
Otonari no Tenshi-sama ni Itsunomanika Dame Ningen ni Sareteita Ken,7.85,425087,7041,12,Finished Airing,['Romance'],winter,2023
Tokyo Revengers: Seiya Kessen-hen,7.62,423458,2581,13,Finished Airing,"['Action', 'Drama']",winter,2023
"Maou Gakuin no Futekigousha II: Shijou Saikyou no Maou no Shiso, Tensei shite Shison-tachi no Gakkou e Kayou",6.83,402504,3997,12,Finished Airing,"['Action', 'Fantasy']",winter,2023
Bungou Stray Dogs 4th Season,8.42,354560,3415,13,Finished Airing,"['Action', 'Mystery']",winter,2023
Buddy Daddies,8.1,349288,3602,12,Finished Airing,"['Action', 'Comedy']",winter,2023
NieR:Automata Ver1.1a,7.55,334239,2429,12,Finished Airing,"['Action', 'Fantasy', 'Sci-Fi']",winter,2023
"Ijiranaide, Nagatoro-san 2nd Attack",7.43,330287,2094,12,Finished Airing,"['Comedy', 'Romance']",winter,2023
Tondemo Skill de Isekai Hourou Meshi,7.64,329446,2478,12,Finished Airing,"['Adventure', 'Comedy', 'Fantasy', 'Gourmet']",winter,2023
Dungeon ni Deai wo Motomeru no wa Machigatteiru Darou ka IV: Shin Shou - Yakusai-hen,8.25,289229,1912,11,Finished Airing,"['Action', 'Adventure', 'Fantasy']",winter,2023
Isekai Nonbiri Nouka,7.53,282665,2179,12,Finished Airing,"['Fantasy', 'Slice of Life']",winter,2023
Saikyou Onmyouji no Isekai Tenseiki,7.1,272065,1025,13,Finished Airing,"['Action', 'Adventure', 'Fantasy']",winter,2023
Itai no wa Iya nanode Bougyoryoku ni Kyokufuri Shitai to Omoimasu. 2,7.22,271643,1365,12,Finished Airing,"['Action', 'Adventure', 'Comedy', 'Fantasy']",winter,2023
Koori Zokusei Danshi to Cool na Douryou Joshi,7.3,256331,1321,12,Finished Airing,"['Comedy', 'Fantasy', 'Romance']",winter,2023
Kubo-san wa Mob wo Yurusanai,7.54,250916,1700,12,Finished Airing,"['Comedy', 'Romance']",winter,2023
Trigun Stampede,7.82,231590,2578,12,Finished Airing,"['Action', 'Adventure', 'Sci-Fi']",winter,2023
Tensei Oujo to Tensai Reijou no Mahou Kakumei,7.46,226852,1768,12,Finished Airing,"['Fantasy', 'Girls Love']",winter,2023
"Benriya Saitou-san, Isekai ni Iku",7.37,223257,807,12,Finished Airing,"['Adventure', 'Comedy', 'Fantasy']",winter,2023
Hyouken no Majutsushi ga Sekai wo Suberu,6.35,213409,836,12,Finished Airing,"['Action', 'Fantasy']",winter,2023
Ningen Fushin no Boukensha-tachi ga Sekai wo Sukuu you desu,6.33,205418,721,12,Finished Airing,"['Action', 'Adventure', 'Fantasy']",winter,2023
Kaiko sareta Ankoku Heishi (30-dai) no Slow na Second Life,6.99,186445,585,12,Finished Airing,['Fantasy'],winter,2023
Kyokou Suiri Season 2,7.35,186163,602,12,Finished Airing,"['Mystery', 'Romance', 'Supernatural']",winter,2023
Oniichan wa Oshimai!,7.64,184995,2702,12,Finished Airing,['Comedy'],winter,2023
Ore dake Level Up na Ken,8.18,1106882,19822,12,Finished Airing,"['Action', 'Adventure', 'Fantasy']",winter,2024
Dungeon Meshi,8.59,565660,12187,24,Finished Airing,"['Adventure', 'Comedy', 'Fantasy', 'Gourmet']",winter,2024
Youkoso Jitsuryoku Shijou Shugi no Kyoushitsu e 3rd Season,7.94,514546,4486,13,Finished Airing,"['Drama', 'Suspense']",winter,2024
Mashle: Shinkakusha Kouho Senbatsu Shiken-hen,7.78,498266,2078,12,Finished Airing,"['Action', 'Comedy', 'Fantasy']",winter,2024
Yubisaki to Renren,8.2,337521,4550,12,Finished Airing,['Romance'],winter,2024
Tsuki ga Michibiku Isekai Douchuu 2nd Season,7.84,325541,2368,25,Finished Airing,"['Action', 'Adventure', 'Comedy', 'Fantasy']",winter,2024
Chiyu Mahou no Machigatta Tsukaikata,7.53,316639,1463,13,Finished Airing,"['Action', 'Adventure', 'Fantasy']",winter,2024
Boku no Kokoro no Yabai Yatsu 2nd Season,8.7,300594,6068,13,Finished Airing,"['Comedy', 'Romance']",winter,2024
Mato Seihei no Slave,6.86,260775,1843,12,Finished Airing,"['Action', 'Fantasy', 'Ecchi']",winter,2024
"Loop 7-kaime no Akuyaku Reijou wa, Moto Tekikoku de Jiyuu Kimama na Hanayome Seikatsu wo Mankitsu suru",7.53,229350,1893,12,Finished Airing,['Romance'],winter,2024
Nozomanu Fushi no Boukensha,7.43,220939,927,12,Finished Airing,"['Action', 'Adventure', 'Fantasy']",winter,2024
Haikyuu!! Movie: Gomisuteba no Kessen,8.61,220156,1710,1,Finished Airing,['Sports'],winter,2024
Dosanko Gal wa Namara Menkoi,7.05,217656,1120,12,Finished Airing,"['Comedy', 'Romance']",winter,2024
Akuyaku Reijou Level 99: Watashi wa Ura-Boss desu ga Maou dewa Arimasen,7.13,203490,952,12,Finished Airing,['Fantasy'],winter,2024
Mahou Shoujo ni Akogarete,7.61,200002,2309,13,Finished Airing,"['Action', 'Comedy', 'Girls Love', 'Ecchi']",winter,2024
Ninja Kamui,6.54,195850,1104,13,Finished Airing,"['Action', 'Sci-Fi']",winter,2024
"Sokushi Cheat ga Saikyou sugite, Isekai no Yatsura ga Marude Aite ni Naranai n desu ga.",6.36,187546,663,12,Finished Airing,"['Action', 'Adventure', 'Comedy', 'Fantasy']",winter,2024
Majo to Yajuu,7.45,186809,1141,12,Finished Airing,"['Action', 'Fantasy']",winter,2024
Ao no Exorcist: Shimane Illuminati-hen,7.11,181182,622,12,Finished Airing,"['Action', 'Supernatural']",winter,2024
"Shin no Nakama ja Nai to Yuusha no Party wo Oidasareta node, Henkyou de Slow Life suru Koto ni Shimashita 2nd",6.76,152873,393,12,Finished Airing,"['Fantasy', 'Romance']",winter,2024
Jaku-Chara Tomozaki-kun 2nd Stage,7.04,149446,624,13,Finished Airing,"['Drama', 'Romance']",winter,2024
Oroka na Tenshi wa Akuma to Odoru,6.91,145757,444,12,Finished Airing,"['Comedy', 'Romance', 'Supernatural']",winter,2024
Kekkon Yubiwa Monogatari,6.07,141153,397,12,Finished Airing,"['Action', 'Fantasy', 'Romance', 'Ecchi']",winter,2024
Saijaku Tamer wa Gomi Hiroi no Tabi wo Hajimemashita.,7.57,138701,754,12,Finished Airing,"['Adventure', 'Fantasy']",winter,2024
Ishura,6.73,132454,472,12,Finished Airing,"['Action', 'Adventure', 'Fantasy']",winter,2024
